video_path,distance_top,distance_impact,head movement
data/videos_160/0.mp4,0.6984228,0.03146961,Good
data/videos_160/0.mp4,0.017379653,0.04921879,Good
data/videos_160/0.mp4,0.6206041,0.029082092,Good
data/videos_160/0.mp4,0.010344102,0.6423296,Good
data/videos_160/0.mp4,0.7556288,0.040531963,Bad
data/videos_160/0.mp4,0.03530698,0.6025285,Good
data/videos_160/0.mp4,0.8396577,0.5938667,Bad
data/videos_160/0.mp4,0.6367287,0.043188065,Good
data/videos_160/0.mp4,0.6446943,0.0321929,Good
data/videos_160/0.mp4,0.039974596,0.5593072,Good
data/videos_160/0.mp4,0.6822876,0.016422221,Good
data/videos_160/0.mp4,0.5919475,0.59169716,Good
data/videos_160/0.mp4,0.015756462,0.033253632,Good
data/videos_160/0.mp4,0.5472822,0.01480642,Good
data/videos_160/0.mp4,0.60120434,0.5819807,Good
data/videos_160/0.mp4,0.014544862,0.028843058,Good
data/videos_160/0.mp4,0.8439421,0.020003198,Bad
data/videos_160/0.mp4,0.037390124,0.022491809,Good
data/videos_160/0.mp4,0.02997075,0.02323941,Good
data/videos_160/0.mp4,0.72716945,0.72748744,Bad
data/videos_160/0.mp4,0.52254945,0.5270635,Good
data/videos_160/0.mp4,0.10400044,0.03374843,Good
data/videos_160/0.mp4,0.02902812,0.5716448,Good
data/videos_160/0.mp4,0.0,0.0,Good
data/videos_160/0.mp4,0.6969316,0.07773067,Good
data/videos_160/0.mp4,0.080490485,0.035240185,Good
data/videos_160/0.mp4,0.6974032,0.029719738,Good
data/videos_160/0.mp4,0.030535972,0.0038076588,Good
data/videos_160/0.mp4,0.0,0.0,Good
data/videos_160/0.mp4,0.0015595583,0.029596573,Good
data/videos_160/0.mp4,0.62698054,0.04682126,Good
data/videos_160/0.mp4,0.024560902,0.025736729,Good
data/videos_160/0.mp4,0.055220388,0.76995564,Bad
data/videos_160/0.mp4,0.012296799,0.028723253,Good
data/videos_160/0.mp4,0.045754146,0.6025089,Good
data/videos_160/0.mp4,0.008415298,0.040170327,Good
data/videos_160/0.mp4,0.010187028,0.029912923,Good
data/videos_160/0.mp4,0.81248546,0.57364947,Bad
data/videos_160/0.mp4,0.017988417,0.018231269,Good
data/videos_160/0.mp4,0.58029914,0.5847569,Good
data/videos_160/0.mp4,0.030539287,0.0020981792,Good
data/videos_160/0.mp4,0.02780354,0.037779994,Good
data/videos_160/0.mp4,0.8386303,0.5944016,Bad
data/videos_160/0.mp4,0.6572765,0.06085942,Good
data/videos_160/0.mp4,0.005290291,0.6866357,Good
data/videos_160/0.mp4,0.7158222,0.080928504,Good
data/videos_160/0.mp4,0.0043706214,0.028402943,Good
data/videos_160/0.mp4,0.028602343,0.034468893,Good
data/videos_160/0.mp4,0.64962965,0.03134685,Good
data/videos_160/0.mp4,0.5748437,0.596871,Good
data/videos_160/0.mp4,0.008403242,0.033176407,Good
data/videos_160/0.mp4,0.81537944,0.5778553,Bad
data/videos_160/0.mp4,0.59104776,0.5926037,Good
data/videos_160/0.mp4,0.5729903,0.034818828,Good
data/videos_160/0.mp4,0.054615077,0.5728023,Good
data/videos_160/0.mp4,0.013033876,0.027906012,Good
data/videos_160/0.mp4,0.010078142,0.011441487,Good
data/videos_160/0.mp4,0.64003193,0.030976303,Good
data/videos_160/0.mp4,0.033449423,0.030060355,Good
data/videos_160/0.mp4,0.024013123,0.04612818,Good
data/videos_160/0.mp4,0.007849405,0.021517234,Good
data/videos_160/0.mp4,0.018366504,0.027579574,Good
data/videos_160/0.mp4,0.09878386,0.5909859,Good
data/videos_160/0.mp4,0.8338275,0.06210519,Bad
data/videos_160/0.mp4,0.71483517,0.046245433,Good
data/videos_160/0.mp4,0.051704932,0.7876102,Bad
data/videos_160/0.mp4,0.6413234,0.015133081,Good
data/videos_160/0.mp4,0.0,0.0,Good
data/videos_160/0.mp4,0.607985,0.09139393,Good
data/videos_160/0.mp4,0.8645589,0.61401725,Bad
data/videos_160/0.mp4,0.04671277,0.05750458,Good
data/videos_160/0.mp4,0.61165625,0.6724378,Good
data/videos_160/0.mp4,0.8161792,0.8161792,Bad
data/videos_160/0.mp4,0.016970472,0.022050207,Good
data/videos_160/0.mp4,0.81568027,0.5753857,Bad
data/videos_160/0.mp4,0.5735497,0.04423466,Good
data/videos_160/0.mp4,0.65694654,0.66471916,Good
data/videos_160/0.mp4,0.031366013,0.018556364,Good
data/videos_160/0.mp4,0.00649546,0.020877186,Good
data/videos_160/0.mp4,0.048517283,0.018919019,Good
data/videos_160/0.mp4,0.6717677,0.71139693,Good
data/videos_160/0.mp4,0.8493926,0.6039114,Bad
data/videos_160/0.mp4,0.020432409,0.081112936,Good
data/videos_160/0.mp4,0.038330436,0.63489157,Good
data/videos_160/0.mp4,0.6405208,0.0267845,Good
data/videos_160/0.mp4,0.031034723,0.05742929,Good
data/videos_160/0.mp4,0.009558136,0.032510206,Good
data/videos_160/0.mp4,0.018959312,0.029603565,Good
data/videos_160/0.mp4,0.039002057,0.5926533,Good
data/videos_160/0.mp4,0.0,0.0,Good
data/videos_160/0.mp4,0.6195726,0.06890482,Good
data/videos_160/0.mp4,0.05046763,0.831592,Bad
data/videos_160/0.mp4,0.5977364,0.03939567,Good
data/videos_160/0.mp4,0.050177507,0.650462,Good
data/videos_160/0.mp4,0.7165515,0.5110346,Good
data/videos_160/0.mp4,0.008606725,0.031041835,Good
data/videos_160/0.mp4,0.5650582,1.0535088,Bad
data/videos_160/0.mp4,0.019805854,0.052445978,Good
data/videos_160/0.mp4,0.57127076,0.0,Good
data/videos_160/0.mp4,0.606269,0.60620594,Good
data/videos_160/0.mp4,0.060112756,0.019216279,Good
data/videos_160/0.mp4,0.039769605,0.07756365,Good
data/videos_160/0.mp4,0.055817604,0.040754136,Good
data/videos_160/0.mp4,0.84277016,0.023000684,Bad
data/videos_160/0.mp4,0.014053756,0.03119576,Good
data/videos_160/0.mp4,0.60163623,0.018937977,Good
data/videos_160/0.mp4,0.0,0.0,Good
data/videos_160/0.mp4,0.71918327,0.0059536337,Bad
data/videos_160/0.mp4,0.02234442,0.056244865,Good
data/videos_160/0.mp4,0.04191644,0.047921393,Good
data/videos_160/0.mp4,0.6669123,0.6713751,Good
data/videos_160/0.mp4,0.56531966,0.566416,Good
data/videos_160/0.mp4,0.64372814,0.031413138,Good
data/videos_160/0.mp4,0.015490785,0.029446887,Good
data/videos_160/0.mp4,0.66793865,0.03780592,Good
data/videos_160/0.mp4,0.6998859,0.043655314,Good
data/videos_160/0.mp4,0.021655701,0.038482055,Good
data/videos_160/0.mp4,0.53260225,0.07429684,Good
data/videos_160/0.mp4,0.040035058,0.06151996,Good
data/videos_160/0.mp4,0.024315167,0.04662094,Good
data/videos_160/0.mp4,0.5244131,0.0,Good
data/videos_160/0.mp4,0.016852722,0.04814947,Good
data/videos_160/0.mp4,0.5701787,0.059316326,Good
data/videos_160/0.mp4,0.6989804,0.02523054,Good
data/videos_160/0.mp4,0.5819276,0.01755941,Good
data/videos_160/0.mp4,0.5783446,0.054688103,Good
data/videos_160/0.mp4,0.028368413,0.043533288,Good
data/videos_160/0.mp4,0.6189649,0.026842449,Good
data/videos_160/0.mp4,0.009849002,0.02059701,Good
data/videos_160/0.mp4,0.75820047,0.003977492,Bad
data/videos_160/0.mp4,0.009886166,0.03934489,Good
data/videos_160/0.mp4,0.70035785,0.70035785,Good
data/videos_160/0.mp4,0.6735616,0.67370987,Good
data/videos_160/0.mp4,0.6867098,0.04038616,Good
data/videos_160/0.mp4,0.039090976,0.5705877,Good
data/videos_160/0.mp4,0.0131999105,0.5707361,Good
data/videos_160/0.mp4,0.0026826474,0.040216677,Good
data/videos_160/0.mp4,0.051454227,0.058865603,Good
data/videos_160/0.mp4,0.1270612,0.5721161,Good
data/videos_160/0.mp4,0.714913,0.051905196,Good
data/videos_160/0.mp4,0.7258249,0.017318748,Bad
data/videos_160/0.mp4,0.68614984,0.03506567,Good
data/videos_160/0.mp4,0.7647397,0.040671986,Bad
data/videos_160/0.mp4,0.009203979,0.010962882,Good
data/videos_160/0.mp4,0.0,0.0,Good
data/videos_160/0.mp4,0.006450802,0.057435073,Good
data/videos_160/0.mp4,0.6042725,0.6034124,Good
data/videos_160/0.mp4,0.5430837,0.021536497,Good
data/videos_160/0.mp4,0.7275781,0.071569435,Bad
data/videos_160/0.mp4,0.5853008,0.5853942,Good
data/videos_160/0.mp4,0.719347,0.025348188,Bad
data/videos_160/0.mp4,0.008572722,0.014950637,Good
data/videos_160/0.mp4,0.009386115,0.046272792,Good
data/videos_160/0.mp4,0.031598747,0.08802364,Good
data/videos_160/0.mp4,0.035826676,0.023541084,Good
data/videos_160/0.mp4,0.8294513,0.58686894,Bad
data/videos_160/0.mp4,0.04441192,0.64647,Good
data/videos_160/0.mp4,0.0,0.820636,Bad
data/videos_160/0.mp4,0.56472147,0.053271007,Good
data/videos_160/0.mp4,0.6426676,0.10172077,Good
data/videos_160/0.mp4,0.6994427,0.71375686,Good
data/videos_160/0.mp4,0.038772304,0.03488375,Good
data/videos_160/0.mp4,0.018961936,0.019712305,Good
data/videos_160/0.mp4,0.83232164,0.026863178,Bad
data/videos_160/0.mp4,0.0065855975,0.030789852,Good
data/videos_160/0.mp4,0.6210836,0.041210536,Good
data/videos_160/0.mp4,0.7709098,0.013087152,Bad
data/videos_160/0.mp4,0.013651042,0.01859775,Good
data/videos_160/0.mp4,0.009421127,0.025701832,Good
data/videos_160/0.mp4,0.0,0.0,Good
data/videos_160/0.mp4,0.027563004,0.04123956,Good
data/videos_160/0.mp4,0.66559935,0.068728425,Good
data/videos_160/0.mp4,0.71091026,0.0054391758,Good
data/videos_160/0.mp4,0.6475274,0.023342794,Good
data/videos_160/0.mp4,0.60618716,0.034039352,Good
data/videos_160/0.mp4,0.011836856,0.23496023,Good
data/videos_160/0.mp4,0.6143698,0.6143949,Good
data/videos_160/0.mp4,0.0,0.0,Good
data/videos_160/0.mp4,0.0,0.40172282,Good
data/videos_160/0.mp4,0.83121294,0.049947582,Bad
data/videos_160/0.mp4,0.03781535,0.6287242,Good
data/videos_160/0.mp4,0.0163301,0.022277206,Good
data/videos_160/0.mp4,0.028380726,0.021458881,Good
data/videos_160/0.mp4,0.7060747,0.030614885,Good
data/videos_160/0.mp4,0.61762863,0.04877046,Good
data/videos_160/0.mp4,0.83488125,0.06089436,Bad
data/videos_160/0.mp4,0.63530445,0.03373006,Good
data/videos_160/0.mp4,0.84676355,0.6000012,Bad
data/videos_160/0.mp4,0.51664877,0.51461786,Good
data/videos_160/0.mp4,0.5939117,0.01942108,Good
data/videos_160/0.mp4,0.052225187,0.073341265,Good
data/videos_160/0.mp4,0.028259318,0.599031,Good
data/videos_160/0.mp4,0.050444383,0.036247388,Good
data/videos_160/0.mp4,0.012184394,0.06481834,Good
data/videos_160/0.mp4,0.069007814,0.039677866,Good
data/videos_160/0.mp4,0.87634104,0.033514712,Bad
data/videos_160/0.mp4,0.45457613,0.46231067,Good
data/videos_160/0.mp4,0.64333135,0.64371026,Good
data/videos_160/0.mp4,0.7952507,0.044679742,Bad
data/videos_160/0.mp4,0.05078234,0.016980352,Good
data/videos_160/0.mp4,0.015260267,0.025903044,Good
data/videos_160/0.mp4,0.6022494,0.07823914,Good
data/videos_160/0.mp4,0.017266294,0.048287228,Good
data/videos_160/0.mp4,0.9170733,0.042587906,Bad
data/videos_160/0.mp4,0.08748179,0.08373902,Good
data/videos_160/0.mp4,0.7799888,0.027061936,Bad
data/videos_160/0.mp4,0.6691801,0.69841635,Good
data/videos_160/0.mp4,0.02092907,0.014297212,Good
data/videos_160/0.mp4,0.02760742,0.04642099,Good
data/videos_160/0.mp4,0.07334893,0.5904735,Good
data/videos_160/0.mp4,0.70442086,0.033184122,Good
data/videos_160/0.mp4,0.034722872,0.046897825,Good
data/videos_160/0.mp4,0.046977818,0.027825128,Good
data/videos_160/0.mp4,0.021333206,0.038721893,Good
data/videos_160/0.mp4,0.011985109,0.0349459,Good
data/videos_160/0.mp4,0.8467554,0.033055224,Bad
data/videos_160/0.mp4,0.026250333,0.011776873,Good
data/videos_160/0.mp4,0.04531018,0.029446654,Good
data/videos_160/0.mp4,0.6642394,0.05869238,Good
data/videos_160/0.mp4,0.5726922,0.006491444,Good
data/videos_160/0.mp4,0.71708137,0.013277706,Good
data/videos_160/0.mp4,0.022761166,0.04202741,Good
data/videos_160/0.mp4,0.011964714,0.6907515,Good
data/videos_160/0.mp4,0.6644555,0.050497934,Good
data/videos_160/0.mp4,0.0068692667,0.047049716,Good
data/videos_160/0.mp4,0.8944666,0.6327847,Bad
data/videos_160/0.mp4,0.23783557,0.5003192,Good
data/videos_160/0.mp4,0.033138763,0.067756124,Good
data/videos_160/0.mp4,0.03189684,0.033050377,Good
data/videos_160/0.mp4,0.011700202,0.020800345,Good
data/videos_160/0.mp4,0.59736633,0.061706282,Good
data/videos_160/0.mp4,0.0034146304,0.032334775,Good
data/videos_160/0.mp4,0.0025398417,0.0032090654,Good
data/videos_160/0.mp4,0.025440505,0.043159958,Good
data/videos_160/0.mp4,0.0027509858,0.0016427202,Good
data/videos_160/0.mp4,0.62731904,0.008578808,Good
data/videos_160/0.mp4,0.7557296,0.039246473,Bad
data/videos_160/0.mp4,0.69638175,0.019810019,Good
data/videos_160/0.mp4,0.024102516,0.0377766,Good
data/videos_160/0.mp4,0.55576456,0.55458194,Good
data/videos_160/0.mp4,0.7136426,0.004955002,Good
data/videos_160/0.mp4,0.07496209,0.021894412,Good
data/videos_160/0.mp4,0.019353254,0.041744944,Good
data/videos_160/0.mp4,0.030288706,0.02024851,Good
data/videos_160/0.mp4,0.027106417,0.014825611,Good
data/videos_160/0.mp4,0.7421554,0.06272325,Bad
data/videos_160/0.mp4,0.6694448,0.03257452,Good
data/videos_160/0.mp4,0.024466624,0.82902193,Bad
data/videos_160/0.mp4,0.7291097,0.047774065,Bad
data/videos_160/0.mp4,0.71336854,0.014773707,Good
data/videos_160/0.mp4,0.6701019,0.058859933,Good
data/videos_160/0.mp4,0.77335113,0.06426385,Bad
data/videos_160/0.mp4,0.008814723,0.038406216,Good
data/videos_160/0.mp4,0.017392859,0.054622743,Good
data/videos_160/0.mp4,0.6448323,0.06597183,Good
data/videos_160/0.mp4,0.74759096,0.0,Bad
data/videos_160/0.mp4,0.8080591,0.07157958,Bad
data/videos_160/0.mp4,0.024084132,0.03121573,Good
data/videos_160/0.mp4,0.8017726,0.053353906,Bad
data/videos_160/0.mp4,0.016175017,0.03603478,Good
data/videos_160/0.mp4,0.014419017,0.03993818,Good
data/videos_160/0.mp4,0.021037223,0.03115251,Good
data/videos_160/0.mp4,0.5832453,0.46100718,Good
data/videos_160/0.mp4,0.60639364,0.009563247,Good
data/videos_160/0.mp4,0.00961245,0.035588138,Good
data/videos_160/0.mp4,0.029052043,0.040793743,Good
data/videos_160/0.mp4,0.61607933,0.02442545,Good
data/videos_160/0.mp4,0.56724006,0.02711629,Good
data/videos_160/0.mp4,0.739011,0.5317503,Bad
data/videos_160/0.mp4,0.024509588,0.03476745,Good
data/videos_160/0.mp4,0.015680544,0.034342747,Good
data/videos_160/0.mp4,0.6731403,0.08562982,Good
data/videos_160/0.mp4,0.06052426,0.066357605,Good
data/videos_160/0.mp4,0.6841317,0.034663647,Good
data/videos_160/0.mp4,0.6291346,0.029526269,Good
data/videos_160/0.mp4,0.0050584422,0.009141456,Good
data/videos_160/0.mp4,0.6058141,0.5846243,Good
data/videos_160/0.mp4,0.010015301,0.024382351,Good
data/videos_160/0.mp4,0.6184464,0.886358,Bad
data/videos_160/0.mp4,0.5873502,0.0333037,Good
data/videos_160/0.mp4,0.68254364,0.01161466,Good
data/videos_160/0.mp4,0.032905634,0.052557394,Good
data/videos_160/0.mp4,0.04989654,0.009401313,Good
data/videos_160/0.mp4,0.0624279,0.0392637,Good
data/videos_160/0.mp4,0.010785665,0.029586028,Good
data/videos_160/0.mp4,0.0232043,0.03536176,Good
data/videos_160/0.mp4,0.6010077,0.03815211,Good
data/videos_160/0.mp4,0.68208236,0.013845615,Good
data/videos_160/0.mp4,0.60093206,0.035578225,Good
data/videos_160/0.mp4,0.5593508,1.037639,Bad
data/videos_160/0.mp4,0.016253723,0.019505005,Good
data/videos_160/0.mp4,0.033055242,0.6410998,Good
data/videos_160/0.mp4,0.039939575,0.061641235,Good
data/videos_160/0.mp4,0.011427266,0.039162025,Good
data/videos_160/0.mp4,0.6820224,0.047393147,Good
data/videos_160/0.mp4,0.070523575,0.8545188,Bad
data/videos_160/0.mp4,0.017377142,0.03619821,Good
data/videos_160/0.mp4,0.81208766,0.5775851,Bad
data/videos_160/0.mp4,0.6768954,0.04878471,Good
data/videos_160/0.mp4,0.015757216,0.012418459,Good
data/videos_160/0.mp4,1.31475,1.31475,Bad
data/videos_160/0.mp4,0.7561085,0.79319906,Bad
data/videos_160/0.mp4,0.8750464,0.8750464,Bad
data/videos_160/0.mp4,0.031370983,0.028386487,Good
data/videos_160/0.mp4,0.64773667,0.07049027,Good
data/videos_160/0.mp4,0.0135143045,0.8745162,Bad
data/videos_160/0.mp4,0.6880942,0.04333955,Good
data/videos_160/0.mp4,0.64734143,0.036174186,Good
data/videos_160/0.mp4,0.03356478,0.013674601,Good
data/videos_160/0.mp4,0.618619,0.007540096,Good
data/videos_160/0.mp4,0.014158684,0.58545065,Good
data/videos_160/0.mp4,0.69644773,0.008931843,Good
data/videos_160/0.mp4,0.0,0.0,Good
data/videos_160/0.mp4,0.04414888,0.5667734,Good
data/videos_160/0.mp4,0.85877025,0.049873594,Bad
data/videos_160/0.mp4,0.010360198,0.035218462,Good
data/videos_160/0.mp4,0.035412766,0.049915794,Good
data/videos_160/0.mp4,0.55193454,0.061819613,Good
data/videos_160/0.mp4,0.019924281,0.021656096,Good
data/videos_160/0.mp4,0.00875433,0.022079954,Good
data/videos_160/0.mp4,0.047372334,0.7530328,Bad
data/videos_160/0.mp4,0.6977525,0.020103032,Good
data/videos_160/0.mp4,0.06702446,0.052134532,Good
data/videos_160/0.mp4,0.6959597,0.067003086,Good
data/videos_160/0.mp4,0.005761942,0.0060997773,Good
data/videos_160/0.mp4,0.0,0.0,Good
data/videos_160/0.mp4,0.29095605,0.28736797,Good
data/videos_160/0.mp4,0.023067437,0.045539092,Good
data/videos_160/0.mp4,0.6267057,0.038716003,Good
data/videos_160/0.mp4,0.008846807,0.012037779,Good
data/videos_160/0.mp4,0.0,0.0,Good
data/videos_160/0.mp4,0.005639365,0.02787964,Good
data/videos_160/0.mp4,0.012757569,0.0320584,Good
data/videos_160/0.mp4,0.026156172,0.024374565,Good
data/videos_160/0.mp4,0.04424733,0.074380904,Good
data/videos_160/0.mp4,0.008759779,0.018465366,Good
data/videos_160/0.mp4,0.0,0.0,Good
data/videos_160/0.mp4,0.8862772,0.6256353,Bad
data/videos_160/0.mp4,0.047050763,0.6056556,Good
data/videos_160/0.mp4,0.77062356,0.03637162,Bad
data/videos_160/0.mp4,0.015011971,0.039789632,Good
data/videos_160/0.mp4,0.011729789,0.06409088,Good
data/videos_160/0.mp4,0.02550011,0.04533421,Good
data/videos_160/0.mp4,0.04027926,0.7231205,Bad
data/videos_160/0.mp4,0.5434057,0.06488728,Good
data/videos_160/0.mp4,0.010478322,0.036087744,Good
data/videos_160/0.mp4,0.6428896,0.032947104,Good
data/videos_160/0.mp4,0.020579604,0.040991142,Good
data/videos_160/0.mp4,0.0798829,0.12059314,Good
data/videos_160/0.mp4,0.03571996,0.7047261,Good
data/videos_160/0.mp4,0.5897553,0.5895146,Good
data/videos_160/0.mp4,0.53507334,0.067092136,Good
data/videos_160/0.mp4,0.8566276,0.039333273,Bad
data/videos_160/0.mp4,0.6916981,0.026344977,Good
data/videos_160/0.mp4,0.60508525,0.009250964,Good
data/videos_160/0.mp4,0.05438863,0.6145553,Good
data/videos_160/0.mp4,0.014581353,0.019198122,Good
data/videos_160/0.mp4,0.5639327,0.54509276,Good
data/videos_160/0.mp4,0.009298055,0.036520913,Good
data/videos_160/0.mp4,0.010870208,0.5775065,Good
data/videos_160/0.mp4,0.01608975,0.01595019,Good
data/videos_160/0.mp4,0.58316296,0.045422126,Good
data/videos_160/0.mp4,0.5449713,0.075747065,Good
data/videos_160/0.mp4,0.6260147,0.62262785,Good
data/videos_160/0.mp4,0.015147892,0.026491426,Good
data/videos_160/0.mp4,0.0070778225,0.06180416,Good
data/videos_160/0.mp4,0.0070289597,0.035802353,Good
data/videos_160/0.mp4,0.0073101395,0.012570996,Good
data/videos_160/0.mp4,0.6788756,0.015490291,Good
data/videos_160/0.mp4,0.039447673,0.022385927,Good
data/videos_160/0.mp4,0.77566403,0.04759826,Bad
data/videos_160/0.mp4,0.8384345,0.055838358,Bad
data/videos_160/0.mp4,0.5284496,0.044807326,Good
data/videos_160/0.mp4,0.7223204,0.061817057,Bad
data/videos_160/0.mp4,0.00081147574,0.5819836,Good
data/videos_160/0.mp4,0.019385805,0.040052895,Good
data/videos_160/0.mp4,0.8606843,0.10910068,Bad
data/videos_160/0.mp4,0.6885213,0.025788607,Good
data/videos_160/0.mp4,0.014340684,0.053275958,Good
data/videos_160/0.mp4,0.029469572,0.050162375,Good
data/videos_160/0.mp4,0.013346969,0.027788114,Good
data/videos_160/0.mp4,0.8655573,0.0460694,Bad
data/videos_160/0.mp4,0.07839648,0.024486713,Good
data/videos_160/0.mp4,0.769927,0.5484216,Bad
data/videos_160/0.mp4,0.5790101,0.05474082,Good
data/videos_160/0.mp4,0.012454227,0.03057262,Good
data/videos_160/0.mp4,0.036240265,0.01691947,Good
data/videos_160/0.mp4,0.0,0.0,Good
data/videos_160/0.mp4,0.027484817,0.8865501,Bad
data/videos_160/0.mp4,0.01417475,0.0054021613,Good
data/videos_160/0.mp4,0.6275988,0.095683396,Good
data/videos_160/0.mp4,0.5770004,0.023458177,Good
data/videos_160/0.mp4,0.7014522,0.048175238,Good
data/videos_160/0.mp4,0.704108,0.014725995,Good
data/videos_160/0.mp4,0.016837632,0.023880832,Good
data/videos_160/0.mp4,0.08349038,0.07330811,Good
data/videos_160/0.mp4,0.6914503,0.04301564,Good
data/videos_160/0.mp4,0.0,0.0,Good
data/videos_160/0.mp4,0.63989806,0.67285824,Good
data/videos_160/0.mp4,0.72274595,0.013036144,Bad
data/videos_160/0.mp4,0.018440567,0.038728964,Good
data/videos_160/0.mp4,0.6025687,0.10472603,Good
data/videos_160/0.mp4,0.0,0.0,Good
data/videos_160/0.mp4,0.021862917,0.019309204,Good
data/videos_160/0.mp4,0.010528469,0.027256083,Good
data/videos_160/0.mp4,0.6560169,0.030830069,Good
data/videos_160/0.mp4,0.75097626,0.076279916,Bad
data/videos_160/0.mp4,0.5561468,0.71628946,Good
data/videos_160/0.mp4,0.66000086,0.07209158,Good
data/videos_160/0.mp4,0.6294717,0.07631009,Good
data/videos_160/0.mp4,0.39591262,1.1124145,Bad
data/videos_160/0.mp4,0.007619238,0.016287897,Good
data/videos_160/0.mp4,0.78960496,0.042412955,Bad
data/videos_160/0.mp4,0.0,0.0,Good
data/videos_160/0.mp4,0.024552343,0.7315281,Bad
data/videos_160/0.mp4,0.6024939,0.030048724,Good
data/videos_160/0.mp4,0.75943124,0.5457087,Bad
data/videos_160/0.mp4,0.5766334,0.56622463,Good
data/videos_160/0.mp4,0.7779868,0.05227608,Bad
data/videos_160/0.mp4,0.56592625,0.56592625,Good
data/videos_160/0.mp4,0.56770307,0.08084831,Good
data/videos_160/0.mp4,0.6274899,0.037471753,Good
data/videos_160/0.mp4,0.015460766,0.032568544,Good
data/videos_160/8.mp4,0.6460753,0.04077948,Good
data/videos_160/8.mp4,0.04684915,0.035320137,Good
data/videos_160/8.mp4,0.004961609,0.023627117,Good
data/videos_160/8.mp4,0.839114,0.5962714,Bad
data/videos_160/8.mp4,0.05654971,0.7791618,Bad
data/videos_160/8.mp4,0.64124274,0.02458594,Good
data/videos_160/8.mp4,0.78447276,0.0618362,Bad
data/videos_160/8.mp4,0.00685091,0.012003086,Good
data/videos_160/8.mp4,0.6658538,0.6658538,Good
data/videos_160/8.mp4,0.6291926,0.017334612,Good
data/videos_160/8.mp4,0.5875179,0.6074158,Good
data/videos_160/8.mp4,0.0070284973,0.56566525,Good
data/videos_160/8.mp4,0.66871196,0.010960588,Good
data/videos_160/8.mp4,0.019980367,0.010615851,Good
data/videos_160/8.mp4,0.82053447,0.09731055,Bad
data/videos_160/8.mp4,0.7507854,0.04980821,Bad
data/videos_160/8.mp4,0.045025826,0.046281334,Good
data/videos_160/8.mp4,0.036039267,0.054270707,Good
data/videos_160/8.mp4,0.6445959,0.02346427,Good
data/videos_160/8.mp4,0.06158368,0.03843258,Good
data/videos_160/8.mp4,0.66751283,0.016609931,Good
data/videos_160/8.mp4,0.042863183,0.05219576,Good
data/videos_160/8.mp4,0.08423925,0.07610966,Good
data/videos_160/8.mp4,0.014227298,0.046170082,Good
data/videos_160/8.mp4,0.760245,0.54001933,Bad
data/videos_160/8.mp4,0.018551007,0.03599829,Good
data/videos_160/8.mp4,0.009277282,0.021975702,Good
data/videos_160/8.mp4,0.02172337,0.07037112,Good
data/videos_160/8.mp4,0.7163505,0.042499945,Bad
data/videos_160/8.mp4,0.0045141135,0.013116948,Good
data/videos_160/8.mp4,0.072856784,0.7107557,Bad
data/videos_160/8.mp4,0.009751995,0.0029491056,Good
data/videos_160/8.mp4,0.61659956,0.014760169,Good
data/videos_160/8.mp4,0.64353484,0.03308845,Good
data/videos_160/8.mp4,0.019061955,0.004873361,Good
data/videos_160/8.mp4,0.10169545,0.07596659,Good
data/videos_160/8.mp4,0.845102,0.07384666,Bad
data/videos_160/8.mp4,0.66419303,0.03317023,Good
data/videos_160/8.mp4,0.03426756,0.04029287,Good
data/videos_160/8.mp4,0.021498946,0.045067523,Good
data/videos_160/8.mp4,0.02405091,0.021804035,Good
data/videos_160/8.mp4,0.84254456,0.03264839,Bad
data/videos_160/8.mp4,0.061964814,0.6293038,Good
data/videos_160/8.mp4,0.038014486,0.023207657,Good
data/videos_160/8.mp4,0.69357085,0.028030863,Bad
data/videos_160/8.mp4,0.83277637,0.015521258,Bad
data/videos_160/8.mp4,0.03627801,0.066676,Good
data/videos_160/8.mp4,0.029866355,0.039655004,Good
data/videos_160/8.mp4,0.7972626,0.56316686,Bad
data/videos_160/8.mp4,0.012429763,0.03637561,Good
data/videos_160/8.mp4,0.03282125,0.028481003,Good
data/videos_160/8.mp4,0.8399525,0.597614,Bad
data/videos_160/8.mp4,0.03410095,0.07714125,Good
data/videos_160/8.mp4,0.606483,0.019606756,Good
data/videos_160/8.mp4,0.91612476,0.11100184,Bad
data/videos_160/8.mp4,0.026529744,0.6954611,Bad
data/videos_160/8.mp4,0.53771716,0.024175107,Good
data/videos_160/8.mp4,0.62684447,0.071828194,Good
data/videos_160/8.mp4,0.7332672,0.04350429,Bad
data/videos_160/8.mp4,0.07125873,0.030432103,Good
data/videos_160/8.mp4,0.0,0.732867,Bad
data/videos_160/8.mp4,0.0,0.0,Good
data/videos_160/8.mp4,0.040517516,0.09303757,Good
data/videos_160/8.mp4,0.6628614,0.70368725,Bad
data/videos_160/8.mp4,0.028128931,0.040898725,Good
data/videos_160/8.mp4,0.0,0.0,Good
data/videos_160/8.mp4,0.8346271,0.058781125,Bad
data/videos_160/8.mp4,0.6288863,0.016656645,Good
data/videos_160/8.mp4,0.070617914,0.09171895,Good
data/videos_160/8.mp4,0.6242118,0.048500907,Good
data/videos_160/8.mp4,0.86300033,0.6083666,Bad
data/videos_160/8.mp4,0.05817838,0.031729344,Good
data/videos_160/8.mp4,0.038300045,0.032537606,Good
data/videos_160/8.mp4,0.8819502,0.081405915,Bad
data/videos_160/8.mp4,0.03803878,0.054307234,Good
data/videos_160/8.mp4,0.02429568,0.5796413,Good
data/videos_160/8.mp4,0.8265206,0.010194273,Bad
data/videos_160/8.mp4,0.55528945,0.0756516,Good
data/videos_160/8.mp4,0.8239246,0.58135486,Bad
data/videos_160/8.mp4,0.672444,0.042363342,Good
data/videos_160/8.mp4,0.019800829,0.03666648,Good
data/videos_160/8.mp4,0.016625341,0.6358447,Good
data/videos_160/8.mp4,0.5245012,0.62124103,Good
data/videos_160/8.mp4,0.855032,0.60466087,Bad
data/videos_160/8.mp4,0.026282014,0.021834329,Good
data/videos_160/8.mp4,0.044771977,0.034042314,Good
data/videos_160/8.mp4,0.75859964,0.80073303,Bad
data/videos_160/8.mp4,0.06742024,0.56416297,Good
data/videos_160/8.mp4,0.043851465,0.0709259,Good
data/videos_160/8.mp4,0.04222361,0.013716046,Good
data/videos_160/8.mp4,0.0074383137,0.0064346637,Good
data/videos_160/8.mp4,0.06341747,0.078808576,Good
data/videos_160/8.mp4,0.60133684,0.030461097,Good
data/videos_160/8.mp4,0.6956592,0.014971444,Bad
data/videos_160/8.mp4,0.0,0.0,Good
data/videos_160/8.mp4,0.7174427,0.7184135,Bad
data/videos_160/8.mp4,0.6760741,0.021107594,Good
data/videos_160/8.mp4,0.040478848,0.6101677,Good
data/videos_160/8.mp4,0.6919464,0.02137339,Bad
data/videos_160/8.mp4,0.016823484,0.024517931,Good
data/videos_160/8.mp4,0.8261446,0.58639365,Bad
data/videos_160/8.mp4,0.72871894,0.72782254,Bad
data/videos_160/8.mp4,0.79998225,0.79998225,Bad
data/videos_160/8.mp4,0.65054476,0.6588121,Good
data/videos_160/8.mp4,0.036142275,0.051221684,Good
data/videos_160/8.mp4,0.015866855,0.0315766,Good
data/videos_160/8.mp4,0.62237597,0.010005393,Good
data/videos_160/8.mp4,0.01351258,0.028246785,Good
data/videos_160/8.mp4,0.70244104,0.7164932,Bad
data/videos_160/8.mp4,0.017032664,0.029728219,Good
data/videos_160/8.mp4,0.06415408,0.78940046,Bad
data/videos_160/8.mp4,0.03050992,0.035827283,Good
data/videos_160/8.mp4,0.6894998,0.05493511,Bad
data/videos_160/8.mp4,0.7330966,0.73369026,Bad
data/videos_160/8.mp4,0.5444442,0.61085016,Good
data/videos_160/8.mp4,0.047390394,0.034200888,Good
data/videos_160/8.mp4,0.56635034,0.025651239,Good
data/videos_160/8.mp4,0.0117563745,0.6772518,Good
data/videos_160/8.mp4,0.025680138,0.027588427,Good
data/videos_160/8.mp4,0.6366897,0.06772975,Good
data/videos_160/8.mp4,0.8806376,0.020075096,Bad
data/videos_160/8.mp4,0.07184946,0.025844378,Good
data/videos_160/8.mp4,0.03550695,0.034286503,Good
data/videos_160/8.mp4,0.10045696,0.5692185,Good
data/videos_160/8.mp4,0.0031835497,0.023049017,Good
data/videos_160/8.mp4,0.5939587,0.0,Good
data/videos_160/8.mp4,0.01195378,0.0070032836,Good
data/videos_160/8.mp4,0.012436296,0.026581176,Good
data/videos_160/8.mp4,0.5424589,0.8414493,Bad
data/videos_160/8.mp4,0.8435497,0.5948458,Bad
data/videos_160/8.mp4,0.66087705,0.6380791,Good
data/videos_160/8.mp4,0.015984878,0.05777052,Good
data/videos_160/8.mp4,0.8782855,0.6212323,Bad
data/videos_160/8.mp4,0.6260327,0.041955136,Good
data/videos_160/8.mp4,0.5891089,0.5895419,Good
data/videos_160/8.mp4,0.8251149,0.008949643,Bad
data/videos_160/8.mp4,0.05963778,0.58157545,Good
data/videos_160/8.mp4,0.8414307,0.007986898,Bad
data/videos_160/8.mp4,0.7932085,0.04045015,Bad
data/videos_160/8.mp4,0.0019846256,0.034426752,Good
data/videos_160/8.mp4,0.009234012,0.03364778,Good
data/videos_160/8.mp4,0.60181785,0.03185011,Good
data/videos_160/8.mp4,0.023499563,0.050675396,Good
data/videos_160/8.mp4,0.58940697,0.5896272,Good
data/videos_160/8.mp4,0.0059713954,0.02816049,Good
data/videos_160/8.mp4,0.84484595,0.03288602,Bad
data/videos_160/8.mp4,0.052483834,0.007021944,Good
data/videos_160/8.mp4,0.73391783,0.039187554,Bad
data/videos_160/8.mp4,0.028537007,0.038553,Good
data/videos_160/8.mp4,0.021389054,0.05068244,Good
data/videos_160/8.mp4,0.041611236,0.061144475,Good
data/videos_160/8.mp4,0.7182167,0.031165583,Bad
data/videos_160/8.mp4,0.70514226,0.03220517,Bad
data/videos_160/8.mp4,0.71535367,0.021024281,Bad
data/videos_160/8.mp4,0.016527364,0.017326111,Good
data/videos_160/8.mp4,0.6094649,0.030759146,Good
data/videos_160/8.mp4,0.030149639,0.016880078,Good
data/videos_160/8.mp4,0.8045738,0.84784317,Bad
data/videos_160/8.mp4,0.7495653,0.53051955,Bad
data/videos_160/8.mp4,0.71229357,0.008158041,Bad
data/videos_160/8.mp4,0.007008591,0.034624334,Good
data/videos_160/8.mp4,0.69163644,0.03404365,Bad
data/videos_160/8.mp4,0.02005604,0.63324326,Good
data/videos_160/8.mp4,0.6453795,0.046136867,Good
data/videos_160/8.mp4,0.010599199,0.027527524,Good
data/videos_160/8.mp4,0.8387985,0.5938197,Bad
data/videos_160/8.mp4,0.024071869,0.054162826,Good
data/videos_160/8.mp4,0.77694345,0.07168037,Bad
data/videos_160/8.mp4,0.84696084,0.60318476,Bad
data/videos_160/8.mp4,0.0,0.0,Good
data/videos_160/8.mp4,0.016901692,0.049671695,Good
data/videos_160/8.mp4,0.04317203,0.04818216,Good
data/videos_160/8.mp4,0.015339574,0.015917135,Good
data/videos_160/8.mp4,0.013903956,0.04262505,Good
data/videos_160/8.mp4,0.035455484,0.060155638,Good
data/videos_160/8.mp4,0.6334199,0.030252436,Good
data/videos_160/8.mp4,0.032149073,0.016731514,Good
data/videos_160/8.mp4,0.6662941,0.03159154,Good
data/videos_160/8.mp4,0.002804473,0.66756874,Good
data/videos_160/8.mp4,0.031434324,0.07060987,Good
data/videos_160/8.mp4,0.022872632,0.007815222,Good
data/videos_160/8.mp4,0.042522185,0.5718592,Good
data/videos_160/8.mp4,0.5301333,0.11622263,Good
data/videos_160/8.mp4,0.5769332,0.0,Good
data/videos_160/8.mp4,0.0070368056,0.0056557194,Good
data/videos_160/8.mp4,0.010779349,0.011695302,Good
data/videos_160/8.mp4,0.55579716,0.0653336,Good
data/videos_160/8.mp4,0.62167895,0.03089165,Good
data/videos_160/8.mp4,0.7397452,0.74234647,Bad
data/videos_160/8.mp4,0.023914905,0.014791629,Good
data/videos_160/8.mp4,0.021847649,0.015322142,Good
data/videos_160/8.mp4,0.6221462,0.04146116,Good
data/videos_160/8.mp4,0.5977908,0.08224658,Good
data/videos_160/8.mp4,0.030625219,0.06275533,Good
data/videos_160/8.mp4,0.65707535,0.033527583,Good
data/videos_160/8.mp4,0.7053712,0.028881302,Bad
data/videos_160/8.mp4,0.0056840354,0.03785081,Good
data/videos_160/8.mp4,0.021978905,0.024387643,Good
data/videos_160/8.mp4,0.54515046,0.54737693,Good
data/videos_160/8.mp4,0.010791513,0.032218758,Good
data/videos_160/8.mp4,0.017985875,0.034241304,Good
data/videos_160/8.mp4,0.013431982,0.055140853,Good
data/videos_160/8.mp4,0.60745394,0.6112969,Good
data/videos_160/8.mp4,0.6017531,0.07872125,Good
data/videos_160/8.mp4,0.48357338,0.48357338,Good
data/videos_160/8.mp4,0.038103748,0.03364104,Good
data/videos_160/8.mp4,0.035339065,0.028424464,Good
data/videos_160/8.mp4,0.6318448,0.07405689,Good
data/videos_160/8.mp4,0.0413343,0.044011507,Good
data/videos_160/8.mp4,0.7153785,0.7482767,Bad
data/videos_160/8.mp4,0.048545986,0.557445,Good
data/videos_160/8.mp4,0.79675716,0.5665574,Bad
data/videos_160/8.mp4,0.6017137,0.07014764,Good
data/videos_160/8.mp4,0.040481817,0.04083291,Good
data/videos_160/8.mp4,0.0012089072,0.03990201,Good
data/videos_160/8.mp4,0.98648113,0.7313707,Bad
data/videos_160/8.mp4,0.054412473,0.5697627,Good
data/videos_160/8.mp4,0.041004658,0.57048345,Good
data/videos_160/8.mp4,0.018675089,0.018546052,Good
data/videos_160/8.mp4,0.77678186,0.07339106,Bad
data/videos_160/8.mp4,0.674976,0.03853288,Good
data/videos_160/8.mp4,0.8141347,0.069934376,Bad
data/videos_160/8.mp4,0.4896055,0.11419605,Good
data/videos_160/8.mp4,0.01718753,0.026371444,Good
data/videos_160/8.mp4,0.7119343,0.005347823,Bad
data/videos_160/8.mp4,0.5175096,0.032040376,Good
data/videos_160/8.mp4,0.57391065,0.037967864,Good
data/videos_160/8.mp4,0.0168794,0.04886107,Good
data/videos_160/8.mp4,0.6357543,0.034085277,Good
data/videos_160/8.mp4,0.023444487,0.043061715,Good
data/videos_160/8.mp4,0.035866078,0.021783993,Good
data/videos_160/8.mp4,0.020508874,0.039310362,Good
data/videos_160/8.mp4,0.009997221,0.009756449,Good
data/videos_160/8.mp4,0.012161873,0.025302984,Good
data/videos_160/8.mp4,0.72628087,0.032076325,Bad
data/videos_160/8.mp4,0.010818069,0.022167446,Good
data/videos_160/8.mp4,0.073326185,0.6344356,Good
data/videos_160/8.mp4,0.78458863,0.035467558,Bad
data/videos_160/8.mp4,0.520925,0.09815049,Good
data/videos_160/8.mp4,0.7232377,0.0,Bad
data/videos_160/8.mp4,0.051577043,0.041501757,Good
data/videos_160/8.mp4,0.025000276,0.050005008,Good
data/videos_160/8.mp4,0.63321644,0.03802383,Good
data/videos_160/8.mp4,0.03657251,0.67573816,Good
data/videos_160/8.mp4,0.71550655,0.74629897,Bad
data/videos_160/8.mp4,0.80380577,0.04690576,Bad
data/videos_160/8.mp4,0.5390814,0.54151,Good
data/videos_160/8.mp4,0.8245888,0.06990807,Bad
data/videos_160/8.mp4,0.6583998,0.0,Good
data/videos_160/8.mp4,0.005764479,0.025487425,Good
data/videos_160/8.mp4,0.065884136,0.08035042,Good
data/videos_160/8.mp4,0.7864692,0.55901676,Bad
data/videos_160/8.mp4,0.04393538,0.03890373,Good
data/videos_160/8.mp4,0.009745826,0.02380952,Good
data/videos_160/8.mp4,0.022582559,0.035170883,Good
data/videos_160/8.mp4,0.020177694,0.051960345,Good
data/videos_160/8.mp4,0.0186941,0.023805726,Good
data/videos_160/8.mp4,0.011315372,0.03482911,Good
data/videos_160/8.mp4,0.63894916,0.012026696,Good
data/videos_160/8.mp4,0.019356687,0.043099735,Good
data/videos_160/8.mp4,0.011750829,0.010485853,Good
data/videos_160/8.mp4,0.0,0.0,Good
data/videos_160/8.mp4,0.067738876,0.6200002,Good
data/videos_160/8.mp4,0.73014146,0.73014146,Bad
data/videos_160/8.mp4,0.7189518,0.71935695,Bad
data/videos_160/8.mp4,0.65500385,0.028325122,Good
data/videos_160/8.mp4,0.67052215,0.6970787,Bad
data/videos_160/8.mp4,0.00265002,0.021612039,Good
data/videos_160/8.mp4,0.02043256,0.017289063,Good
data/videos_160/8.mp4,0.8339364,0.10759249,Bad
data/videos_160/8.mp4,0.0017820543,0.024034387,Good
data/videos_160/8.mp4,0.62768567,0.013181197,Good
data/videos_160/8.mp4,0.65163386,0.03885387,Good
data/videos_160/8.mp4,0.0,0.0,Good
data/videos_160/8.mp4,0.030514978,0.020071452,Good
data/videos_160/8.mp4,0.009599635,0.027209902,Good
data/videos_160/8.mp4,0.011556258,0.03477729,Good
data/videos_160/8.mp4,0.6766016,0.050198648,Good
data/videos_160/8.mp4,0.038330726,0.03062753,Good
data/videos_160/8.mp4,0.60901153,0.053541824,Good
data/videos_160/8.mp4,0.046492733,0.0315685,Good
data/videos_160/8.mp4,0.0065414403,0.05313326,Good
data/videos_160/8.mp4,0.5447806,0.5450183,Good
data/videos_160/8.mp4,0.017175155,0.028751569,Good
data/videos_160/8.mp4,0.03055783,0.04224193,Good
data/videos_160/8.mp4,0.6024153,0.04279985,Good
data/videos_160/8.mp4,0.6255439,0.010108338,Good
data/videos_160/8.mp4,0.6887338,0.02401106,Good
data/videos_160/8.mp4,0.011338691,0.031084128,Good
data/videos_160/8.mp4,0.0034957072,0.027625889,Good
data/videos_160/8.mp4,0.72250104,0.026843194,Bad
data/videos_160/8.mp4,0.72598344,0.025958475,Bad
data/videos_160/8.mp4,0.6151474,0.022244653,Good
data/videos_160/8.mp4,0.05554262,0.09698853,Good
data/videos_160/8.mp4,0.86022764,0.040843062,Bad
data/videos_160/8.mp4,0.69758326,0.027828908,Bad
data/videos_160/8.mp4,0.032421626,0.7375619,Bad
data/videos_160/8.mp4,0.71112794,0.78255576,Bad
data/videos_160/8.mp4,0.049710017,0.028726455,Good
data/videos_160/8.mp4,0.018876348,0.018775463,Good
data/videos_160/8.mp4,0.74437875,0.09805179,Bad
data/videos_160/8.mp4,0.05159695,0.07262275,Good
data/videos_160/8.mp4,0.53322625,0.53382033,Good
data/videos_160/8.mp4,0.7737711,0.015293892,Bad
data/videos_160/8.mp4,0.06925374,0.8502251,Bad
data/videos_160/8.mp4,0.056808736,0.028046392,Good
data/videos_160/8.mp4,0.05881853,0.08430687,Good
data/videos_160/8.mp4,0.87048155,0.05155938,Bad
data/videos_160/8.mp4,0.06136953,0.0017479017,Good
data/videos_160/8.mp4,0.6966604,0.023046322,Bad
data/videos_160/8.mp4,0.756316,0.070748866,Bad
data/videos_160/8.mp4,0.77739817,0.09941726,Bad
data/videos_160/8.mp4,0.8372373,0.04231724,Bad
data/videos_160/8.mp4,0.8256638,0.58471876,Bad
data/videos_160/8.mp4,0.5670188,0.07432722,Good
data/videos_160/8.mp4,0.41647533,0.41610977,Good
data/videos_160/8.mp4,0.0,0.5856616,Good
data/videos_160/8.mp4,0.5842545,0.029759834,Good
data/videos_160/8.mp4,0.043265138,0.059290044,Good
data/videos_160/8.mp4,0.80214596,0.041492462,Bad
data/videos_160/8.mp4,0.65856296,0.031968452,Good
data/videos_160/8.mp4,0.03346217,0.04472173,Good
data/videos_160/8.mp4,0.02153613,0.026487457,Good
data/videos_160/8.mp4,0.0141129065,0.036372274,Good
data/videos_160/8.mp4,0.57336676,0.06478623,Good
data/videos_160/8.mp4,0.60837835,0.059143867,Good
data/videos_160/8.mp4,0.64070976,0.0109450985,Good
data/videos_160/8.mp4,0.82622063,0.02194169,Bad
data/videos_160/8.mp4,0.056586687,0.019938312,Good
data/videos_160/8.mp4,0.0084814755,0.8697788,Bad
data/videos_160/8.mp4,0.78889376,0.55917037,Bad
data/videos_160/8.mp4,0.5805031,0.02394087,Good
data/videos_160/8.mp4,0.02209323,0.014967622,Good
data/videos_160/8.mp4,0.7837539,0.0,Bad
data/videos_160/8.mp4,0.0,0.0,Good
data/videos_160/8.mp4,0.6071652,0.03146579,Good
data/videos_160/8.mp4,0.009494169,0.018959882,Good
data/videos_160/8.mp4,0.01842367,0.007168124,Good
data/videos_160/8.mp4,0.023532614,0.063154824,Good
data/videos_160/8.mp4,0.7112837,0.05055255,Bad
data/videos_160/8.mp4,0.6711578,0.062474024,Good
data/videos_160/8.mp4,0.7365799,0.5246174,Bad
data/videos_160/13.mp4,0.036691252,0.021786716,Good
data/videos_160/13.mp4,0.036811393,0.047932662,Good
data/videos_160/13.mp4,0.5674025,0.022376055,Good
data/videos_160/13.mp4,0.034816563,0.05424835,Good
data/videos_160/13.mp4,0.62729466,0.030967992,Good
data/videos_160/13.mp4,0.7207087,0.7207087,Good
data/videos_160/13.mp4,0.6851016,0.020676937,Good
data/videos_160/13.mp4,0.057826303,0.019695194,Good
data/videos_160/13.mp4,0.033232275,0.060175702,Good
data/videos_160/13.mp4,0.017370766,0.017484704,Good
data/videos_160/13.mp4,0.04242056,0.04884042,Good
data/videos_160/13.mp4,0.042931758,0.056857973,Good
data/videos_160/13.mp4,0.05895392,0.591631,Good
data/videos_160/13.mp4,0.024252005,0.6725516,Good
data/videos_160/13.mp4,0.041491352,0.81451386,Bad
data/videos_160/13.mp4,0.03708932,0.026639057,Good
data/videos_160/13.mp4,0.6288201,0.037265997,Good
data/videos_160/13.mp4,0.018964758,0.012876693,Good
data/videos_160/13.mp4,0.04339012,0.7030504,Good
data/videos_160/13.mp4,0.8342449,0.06256898,Bad
data/videos_160/13.mp4,0.8195658,0.5796343,Bad
data/videos_160/13.mp4,0.052586947,0.08784459,Good
data/videos_160/13.mp4,0.73852146,0.018710937,Bad
data/videos_160/13.mp4,0.6084323,0.044314265,Good
data/videos_160/13.mp4,0.037025247,0.065911904,Good
data/videos_160/13.mp4,0.57503647,0.57272685,Good
data/videos_160/13.mp4,0.010579735,0.027530668,Good
data/videos_160/13.mp4,0.65475035,0.04970784,Good
data/videos_160/13.mp4,0.0134277,0.020535752,Good
data/videos_160/13.mp4,0.0034053389,0.32102016,Good
data/videos_160/13.mp4,0.87525916,0.61841893,Bad
data/videos_160/13.mp4,0.06529161,0.06272145,Good
data/videos_160/13.mp4,0.07835851,0.099667445,Good
data/videos_160/13.mp4,0.07876797,0.7985774,Bad
data/videos_160/13.mp4,0.062386747,0.0425072,Good
data/videos_160/13.mp4,0.052951306,0.019499592,Good
data/videos_160/13.mp4,0.60895455,0.03808787,Good
data/videos_160/13.mp4,0.63195544,0.039593432,Good
data/videos_160/13.mp4,0.5537987,0.016012011,Good
data/videos_160/13.mp4,0.01279073,0.039453357,Good
data/videos_160/13.mp4,0.018784408,0.018475782,Good
data/videos_160/13.mp4,0.03338178,0.030829975,Good
data/videos_160/13.mp4,0.018350786,0.005330926,Good
data/videos_160/13.mp4,0.027445134,0.019696701,Good
data/videos_160/13.mp4,0.8330584,0.58807176,Bad
data/videos_160/13.mp4,0.6334377,0.057530962,Good
data/videos_160/13.mp4,0.012407278,0.037392426,Good
data/videos_160/13.mp4,0.59247565,0.03800117,Good
data/videos_160/13.mp4,0.8739171,0.8739171,Bad
data/videos_160/13.mp4,0.6238523,0.058026474,Good
data/videos_160/13.mp4,0.6829429,0.050465908,Good
data/videos_160/13.mp4,0.0429514,0.78265166,Bad
data/videos_160/13.mp4,0.029326804,0.020879984,Good
data/videos_160/13.mp4,0.03588702,0.019048309,Good
data/videos_160/13.mp4,0.6020677,0.06559112,Good
data/videos_160/13.mp4,0.6638361,0.01368483,Good
data/videos_160/13.mp4,0.54064524,0.5560835,Good
data/videos_160/13.mp4,0.010718351,0.040386792,Good
data/videos_160/13.mp4,0.65473324,0.050377138,Good
data/videos_160/13.mp4,0.03423309,0.28006628,Good
data/videos_160/13.mp4,0.030367093,0.33775446,Good
data/videos_160/13.mp4,0.015414133,0.043311328,Good
data/videos_160/13.mp4,0.009271659,0.04364361,Good
data/videos_160/13.mp4,0.022764277,0.028808547,Good
data/videos_160/13.mp4,0.6523215,0.01228009,Good
data/videos_160/13.mp4,0.74057704,0.74057704,Bad
data/videos_160/13.mp4,0.013756947,0.62876785,Good
data/videos_160/13.mp4,0.021977704,0.02815405,Good
data/videos_160/13.mp4,0.65746105,0.021760687,Good
data/videos_160/13.mp4,0.030605067,0.030895524,Good
data/videos_160/13.mp4,0.56221557,0.084572144,Good
data/videos_160/13.mp4,0.028180217,0.056929715,Good
data/videos_160/13.mp4,0.021072093,0.58382535,Good
data/videos_160/13.mp4,0.5807234,0.007827748,Good
data/videos_160/13.mp4,0.84126794,0.5946007,Bad
data/videos_160/13.mp4,0.0020848233,0.008502727,Good
data/videos_160/13.mp4,0.04446046,0.053101677,Good
data/videos_160/13.mp4,0.68788797,0.68868285,Good
data/videos_160/13.mp4,0.018189186,0.5984605,Good
data/videos_160/13.mp4,0.025063518,0.04723143,Good
data/videos_160/13.mp4,0.01295967,0.009639338,Good
data/videos_160/13.mp4,0.014256668,0.044814046,Good
data/videos_160/13.mp4,0.01665673,0.021940092,Good
data/videos_160/13.mp4,0.82155377,0.045680583,Bad
data/videos_160/13.mp4,0.7806074,0.05359886,Bad
data/videos_160/13.mp4,0.009397851,0.7152633,Good
data/videos_160/13.mp4,0.019351104,0.029984199,Good
data/videos_160/13.mp4,0.7228714,0.06117528,Good
data/videos_160/13.mp4,0.60836256,0.026997816,Good
data/videos_160/13.mp4,0.033492148,0.0262738,Good
data/videos_160/13.mp4,0.006842769,0.036236204,Good
data/videos_160/13.mp4,0.7928593,0.0900929,Bad
data/videos_160/13.mp4,0.010171987,0.5785078,Good
data/videos_160/13.mp4,0.56878895,0.046191286,Good
data/videos_160/13.mp4,0.015396598,0.010298082,Good
data/videos_160/13.mp4,0.653347,0.04561693,Good
data/videos_160/13.mp4,0.004568571,0.032451335,Good
data/videos_160/13.mp4,0.03678711,0.041956507,Good
data/videos_160/13.mp4,0.003315195,0.0021303606,Good
data/videos_160/13.mp4,0.021205906,0.04639358,Good
data/videos_160/13.mp4,0.05475204,0.061025597,Good
data/videos_160/13.mp4,0.5360831,0.006565978,Good
data/videos_160/13.mp4,0.05126617,0.0645197,Good
data/videos_160/13.mp4,0.048577923,0.72823995,Good
data/videos_160/13.mp4,0.067759395,0.7682271,Bad
data/videos_160/13.mp4,0.017001772,0.02859091,Good
data/videos_160/13.mp4,0.036210526,0.0413016,Good
data/videos_160/13.mp4,0.81505084,0.5744713,Bad
data/videos_160/13.mp4,0.7046801,0.052987367,Good
data/videos_160/13.mp4,0.0062795524,0.03438603,Good
data/videos_160/13.mp4,0.0081365425,0.0171173,Good
data/videos_160/13.mp4,0.62229973,0.87914497,Bad
data/videos_160/13.mp4,0.66285205,0.015603736,Good
data/videos_160/13.mp4,0.73324823,0.03074842,Good
data/videos_160/13.mp4,0.6964629,0.048231382,Good
data/videos_160/13.mp4,0.10104387,0.057594154,Good
data/videos_160/13.mp4,0.032327604,0.033641122,Good
data/videos_160/13.mp4,0.03532591,0.74954736,Bad
data/videos_160/13.mp4,0.01613246,0.048051707,Good
data/videos_160/13.mp4,0.0037868617,0.020152636,Good
data/videos_160/13.mp4,0.0,1.3995765,Bad
data/videos_160/13.mp4,0.6493984,0.03407746,Good
data/videos_160/13.mp4,0.6008357,0.07874643,Good
data/videos_160/13.mp4,0.021179138,0.035756953,Good
data/videos_160/13.mp4,0.6488139,0.020076921,Good
data/videos_160/13.mp4,0.02087104,0.0770608,Good
data/videos_160/13.mp4,0.63546354,0.029615257,Good
data/videos_160/13.mp4,0.021496538,0.03601952,Good
data/videos_160/13.mp4,0.6130641,0.6146192,Good
data/videos_160/13.mp4,0.6568037,0.008493005,Good
data/videos_160/13.mp4,0.037225768,0.027310714,Good
data/videos_160/13.mp4,0.043245085,0.03487476,Good
data/videos_160/13.mp4,0.0225504,0.01801217,Good
data/videos_160/13.mp4,0.8161646,0.021893837,Bad
data/videos_160/13.mp4,0.012657946,0.034251433,Good
data/videos_160/13.mp4,0.75409895,0.5348356,Bad
data/videos_160/13.mp4,0.0026045279,0.013659062,Good
data/videos_160/13.mp4,0.074041545,0.09920412,Good
data/videos_160/13.mp4,0.41533807,0.00058259146,Good
data/videos_160/13.mp4,0.17896238,0.5618249,Good
data/videos_160/13.mp4,0.03618532,0.06717567,Good
data/videos_160/13.mp4,0.60745406,0.60208845,Good
data/videos_160/13.mp4,0.6247139,0.032486763,Good
data/videos_160/13.mp4,0.017467597,0.031119155,Good
data/videos_160/13.mp4,0.0,0.0,Good
data/videos_160/13.mp4,0.018162664,0.033235826,Good
data/videos_160/13.mp4,0.6091598,0.028268168,Good
data/videos_160/13.mp4,0.7688174,0.036595456,Bad
data/videos_160/13.mp4,0.71663564,0.022831175,Good
data/videos_160/13.mp4,0.01822532,0.055269614,Good
data/videos_160/13.mp4,0.0047616484,0.025523596,Good
data/videos_160/13.mp4,0.053634834,0.5461042,Good
data/videos_160/13.mp4,0.8223979,0.8223979,Bad
data/videos_160/13.mp4,0.15438926,0.87696505,Bad
data/videos_160/13.mp4,0.67157286,0.050827734,Good
data/videos_160/13.mp4,0.8715785,0.61421007,Bad
data/videos_160/13.mp4,0.0,0.0,Good
data/videos_160/13.mp4,0.035506632,0.032821454,Good
data/videos_160/13.mp4,0.02072282,0.01757412,Good
data/videos_160/13.mp4,0.081506185,0.02460071,Good
data/videos_160/13.mp4,0.048177037,0.04211541,Good
data/videos_160/13.mp4,0.01570856,0.7751944,Bad
data/videos_160/13.mp4,0.020916743,0.027749045,Good
data/videos_160/13.mp4,0.8638784,0.05757559,Bad
data/videos_160/13.mp4,0.04667873,0.057238307,Good
data/videos_160/13.mp4,0.7599934,0.0804126,Bad
data/videos_160/13.mp4,0.022780381,0.04766396,Good
data/videos_160/13.mp4,0.82806224,0.03144024,Bad
data/videos_160/13.mp4,0.5932449,0.025393473,Good
data/videos_160/13.mp4,0.044041716,0.66057926,Good
data/videos_160/13.mp4,0.6153087,0.011631487,Good
data/videos_160/13.mp4,0.05235378,0.086416386,Good
data/videos_160/13.mp4,0.026955673,0.03422937,Good
data/videos_160/13.mp4,0.012165834,0.03913235,Good
data/videos_160/13.mp4,0.0,0.7295408,Good
data/videos_160/13.mp4,0.8342414,0.049595464,Bad
data/videos_160/13.mp4,0.026830493,0.038281303,Good
data/videos_160/13.mp4,0.017492011,0.02478066,Good
data/videos_160/13.mp4,0.020475859,0.026705524,Good
data/videos_160/13.mp4,0.031954914,0.049849983,Good
data/videos_160/13.mp4,0.42513046,0.86101407,Bad
data/videos_160/13.mp4,0.91812605,0.10108112,Bad
data/videos_160/13.mp4,0.074187055,0.05577411,Good
data/videos_160/13.mp4,0.59892607,0.0619744,Good
data/videos_160/13.mp4,0.6031379,0.031153413,Good
data/videos_160/13.mp4,0.01325322,0.044991996,Good
data/videos_160/13.mp4,0.7739833,0.0233049,Bad
data/videos_160/23.mp4,0.6865716,0.015767572,Bad
data/videos_160/23.mp4,0.87045234,0.61480796,Bad
data/videos_160/23.mp4,0.009012656,0.018774517,Good
data/videos_160/23.mp4,0.61133736,0.61133736,Bad
data/videos_160/23.mp4,0.5731272,0.041636266,Good
data/videos_160/23.mp4,0.64980817,0.029735034,Bad
data/videos_160/23.mp4,0.0,0.0,Good
data/videos_160/23.mp4,0.0062089735,0.03465502,Good
data/videos_160/23.mp4,0.67359364,0.029220952,Bad
data/videos_160/23.mp4,0.032049436,0.031154571,Good
data/videos_160/23.mp4,0.0,0.0,Good
data/videos_160/23.mp4,0.28828695,0.2869897,Good
data/videos_160/23.mp4,0.035698447,0.013071106,Good
data/videos_160/23.mp4,0.030564012,0.047973007,Good
data/videos_160/23.mp4,0.7107596,0.06810024,Bad
data/videos_160/23.mp4,0.03041498,0.02451906,Good
data/videos_160/23.mp4,0.09825051,0.58852226,Good
data/videos_160/23.mp4,0.0,0.0,Good
data/videos_160/23.mp4,0.008576241,0.018313644,Good
data/videos_160/23.mp4,0.0,0.60593474,Bad
data/videos_160/23.mp4,0.58651376,0.58277035,Good
data/videos_160/23.mp4,0.037532944,0.037267275,Good
data/videos_160/23.mp4,0.78783953,0.13897258,Bad
data/videos_160/23.mp4,0.004982336,0.026407965,Good
data/videos_160/23.mp4,0.027307957,0.014995562,Good
data/videos_160/23.mp4,0.009818543,0.21905693,Good
data/videos_160/23.mp4,0.8109527,0.04684987,Bad
data/videos_160/23.mp4,0.013225021,0.054916624,Good
data/videos_160/23.mp4,0.027472988,0.61647,Bad
data/videos_160/23.mp4,0.5765385,0.063902065,Good
data/videos_160/23.mp4,0.008209077,0.0519889,Good
data/videos_160/23.mp4,0.044370316,0.030887911,Good
data/videos_160/23.mp4,0.029916674,0.031096008,Good
data/videos_160/23.mp4,0.023216335,0.051822197,Good
data/videos_160/23.mp4,0.06006061,0.6657149,Bad
data/videos_160/23.mp4,0.017359976,0.0138269905,Good
data/videos_160/23.mp4,0.01807392,0.5856844,Good
data/videos_160/23.mp4,0.78887385,0.02910192,Bad
data/videos_160/23.mp4,0.7086822,0.010557882,Bad
data/videos_160/23.mp4,0.017313348,0.024175314,Good
data/videos_160/23.mp4,0.028860018,0.046730626,Good
data/videos_160/23.mp4,0.062012523,0.085265756,Good
data/videos_160/23.mp4,0.020901905,0.037758935,Good
data/videos_160/23.mp4,0.55743176,0.556501,Good
data/videos_160/23.mp4,0.6650863,0.039382346,Bad
data/videos_160/23.mp4,0.0,0.0,Good
data/videos_160/23.mp4,0.6476069,0.073847935,Bad
data/videos_160/23.mp4,0.6909359,0.727772,Bad
data/videos_160/23.mp4,0.013447605,0.036213465,Good
data/videos_160/23.mp4,0.010485359,0.018586593,Good
data/videos_160/23.mp4,0.62638044,0.013649219,Bad
data/videos_160/23.mp4,0.05205717,0.072446,Good
data/videos_160/23.mp4,0.033604126,0.51047194,Good
data/videos_160/23.mp4,0.8202596,0.58029366,Bad
data/videos_160/23.mp4,0.6318351,0.051299725,Bad
data/videos_160/23.mp4,0.5439402,0.03431248,Good
data/videos_160/23.mp4,0.6910873,0.69104093,Bad
data/videos_160/23.mp4,0.7318388,0.0435923,Bad
data/videos_160/23.mp4,0.6324792,0.049809013,Bad
data/videos_160/23.mp4,0.03257342,0.06758335,Good
data/videos_160/23.mp4,0.02123264,0.033582296,Good
data/videos_160/23.mp4,0.017675566,0.015693212,Good
data/videos_160/23.mp4,0.009016651,0.022666436,Good
data/videos_160/23.mp4,0.08848352,0.05207327,Good
data/videos_160/23.mp4,0.037579548,0.0045014904,Good
data/videos_160/23.mp4,0.033443537,0.06979866,Good
data/videos_160/23.mp4,0.573908,0.03837104,Good
data/videos_160/23.mp4,0.01990795,0.048206404,Good
data/videos_160/23.mp4,0.7229236,0.084334955,Bad
data/videos_160/23.mp4,0.018186431,0.003629506,Good
data/videos_160/23.mp4,0.7068914,0.73983455,Bad
data/videos_160/23.mp4,0.6042463,0.026890425,Bad
data/videos_160/23.mp4,0.6655944,0.041867208,Bad
data/videos_160/23.mp4,0.01704091,0.043055534,Good
data/videos_160/23.mp4,0.8161459,0.08942369,Bad
data/videos_160/23.mp4,0.010126815,0.046583585,Good
data/videos_160/23.mp4,0.8767077,0.004216543,Bad
data/videos_160/21.mp4,0.041936178,0.6980416,Good
data/videos_160/21.mp4,0.90324765,0.6448316,Bad
data/videos_160/21.mp4,0.90806353,0.68726367,Bad
data/videos_160/21.mp4,0.00781772,0.021505501,Good
data/videos_160/21.mp4,0.7251312,0.76640266,Bad
data/videos_160/21.mp4,0.07836138,0.016620686,Good
data/videos_160/21.mp4,0.85570437,0.14975274,Bad
data/videos_160/21.mp4,0.76658946,0.025581038,Bad
data/videos_160/21.mp4,0.013051005,0.021637522,Good
data/videos_160/21.mp4,0.023270639,0.0791318,Good
data/videos_160/21.mp4,0.6634739,0.6634739,Good
data/videos_160/21.mp4,0.68026304,0.026549466,Good
data/videos_160/21.mp4,0.022142386,0.012058845,Good
data/videos_160/21.mp4,0.6975244,0.014822801,Good
data/videos_160/21.mp4,0.70768064,0.038251497,Good
data/videos_160/21.mp4,0.010271087,0.71681273,Bad
data/videos_160/21.mp4,0.075226754,0.0080546625,Good
data/videos_160/21.mp4,0.044092704,0.022398565,Good
data/videos_160/21.mp4,0.060976375,0.06431777,Good
data/videos_160/21.mp4,0.68120164,0.064287975,Good
data/videos_160/21.mp4,0.009766404,0.021152575,Good
data/videos_160/21.mp4,0.68615705,0.0,Good
data/videos_160/21.mp4,0.5829316,0.8239923,Bad
data/videos_160/21.mp4,0.5893022,0.58902514,Good
data/videos_160/21.mp4,0.032748897,0.03574765,Good
data/videos_160/21.mp4,0.016942976,0.034768138,Good
data/videos_160/21.mp4,0.6525324,0.028391436,Good
data/videos_160/21.mp4,0.034576587,0.016258622,Good
data/videos_160/21.mp4,0.71402997,0.015349289,Bad
data/videos_160/21.mp4,0.71460104,0.7322249,Bad
data/videos_160/21.mp4,0.5828427,0.6335728,Good
data/videos_160/21.mp4,0.045070827,0.61516285,Good
data/videos_160/21.mp4,0.0199932,0.04910174,Good
data/videos_160/21.mp4,0.550816,0.0025073527,Good
data/videos_160/21.mp4,0.023008352,0.043308996,Good
data/videos_160/21.mp4,0.045674175,0.04729882,Good
data/videos_160/21.mp4,0.026092725,0.01880658,Good
data/videos_160/21.mp4,0.0,0.0,Good
data/videos_160/21.mp4,0.011591176,0.022926034,Good
data/videos_160/21.mp4,0.05749889,0.077949375,Good
data/videos_160/21.mp4,0.6813412,0.012500284,Good
data/videos_160/21.mp4,0.7139797,0.74895644,Bad
data/videos_160/21.mp4,0.7098594,0.041183807,Good
data/videos_160/21.mp4,0.6731388,0.0710767,Good
data/videos_160/21.mp4,0.5473141,0.023705749,Good
data/videos_160/21.mp4,0.019780234,0.05028666,Good
data/videos_160/21.mp4,0.011691134,0.023281362,Good
data/videos_160/21.mp4,0.0,0.0,Good
data/videos_160/21.mp4,0.02238727,0.020447688,Good
data/videos_160/21.mp4,0.054636016,0.02495534,Good
data/videos_160/21.mp4,0.028550148,0.04430062,Good
data/videos_160/21.mp4,0.012803142,0.046452075,Good
data/videos_160/21.mp4,0.0008343492,0.045586932,Good
data/videos_160/21.mp4,0.012949717,0.01646755,Good
data/videos_160/21.mp4,0.8552631,0.030096529,Bad
data/videos_160/21.mp4,0.67320454,0.02304552,Good
data/videos_160/21.mp4,0.8614506,0.029184658,Bad
data/videos_160/21.mp4,0.6976739,0.036002018,Good
data/videos_160/21.mp4,0.013076501,0.042153303,Good
data/videos_160/21.mp4,0.011144298,0.67443514,Good
data/videos_160/21.mp4,0.0114271585,0.006767509,Good
data/videos_160/21.mp4,0.76882964,0.046477288,Bad
data/videos_160/21.mp4,0.02729946,0.056741714,Good
data/videos_160/21.mp4,0.7351563,0.030514758,Bad
data/videos_160/21.mp4,0.0048171366,0.029097797,Good
data/videos_160/21.mp4,0.006442799,0.02531589,Good
data/videos_160/21.mp4,0.040245414,0.039951354,Good
data/videos_160/21.mp4,0.0069962265,0.04268778,Good
data/videos_160/21.mp4,0.5915578,0.5918407,Good
data/videos_160/21.mp4,0.0154743055,0.028718442,Good
data/videos_160/21.mp4,0.7156322,0.762953,Bad
data/videos_160/59.mp4,0.64390093,0.058853805,Good
data/videos_160/59.mp4,0.017742297,0.0040800273,Good
data/videos_160/59.mp4,0.6220433,0.054560818,Good
data/videos_160/59.mp4,0.65647537,0.06278818,Good
data/videos_160/59.mp4,0.84476066,0.52170026,Bad
data/videos_160/59.mp4,0.045628607,0.046976015,Good
data/videos_160/59.mp4,0.04586527,0.07047917,Good
data/videos_160/59.mp4,0.6715351,0.009870411,Bad
data/videos_160/59.mp4,0.6688568,0.0385772,Bad
data/videos_160/59.mp4,0.8724003,0.07130352,Bad
data/videos_160/59.mp4,0.009561527,0.77128065,Bad
data/videos_160/59.mp4,0.6111723,0.013803831,Good
data/videos_160/59.mp4,0.009320128,0.008064828,Good
data/videos_160/59.mp4,0.0041225585,0.0019801988,Good
data/videos_160/59.mp4,0.0,0.0,Good
data/videos_160/59.mp4,0.6685048,0.01505043,Bad
data/videos_160/59.mp4,0.5982329,0.63063645,Good
data/videos_160/59.mp4,0.6897463,0.018830596,Bad
data/videos_160/59.mp4,0.6869667,0.033314805,Bad
data/videos_160/59.mp4,0.015910128,0.03530112,Good
data/videos_160/59.mp4,0.8691857,0.6148156,Bad
data/videos_160/59.mp4,0.0,0.0,Good
data/videos_160/59.mp4,0.031345945,0.037478566,Good
data/videos_160/59.mp4,0.011196027,0.052713174,Good
data/videos_160/59.mp4,0.62789476,0.053898044,Good
data/videos_160/59.mp4,0.8212196,0.5811144,Bad
data/videos_160/59.mp4,0.65541416,0.0046690186,Good
data/videos_160/59.mp4,0.6836456,1.3792348,Bad
data/videos_160/59.mp4,0.6357119,0.053231236,Good
data/videos_160/59.mp4,0.024565838,0.050664205,Good
data/videos_160/59.mp4,0.7573693,0.019242924,Bad
data/videos_160/59.mp4,0.0,0.0,Good
data/videos_160/59.mp4,0.095020466,0.7643189,Bad
data/videos_160/59.mp4,0.6885955,0.032999292,Bad
data/videos_160/59.mp4,0.8531019,0.017686855,Bad
data/videos_160/59.mp4,0.026544176,0.045623135,Good
data/videos_160/59.mp4,0.020921513,0.03445138,Good
data/videos_160/59.mp4,0.016490594,0.73290294,Bad
data/videos_160/59.mp4,0.02937409,0.038301293,Good
data/videos_160/59.mp4,0.02874985,0.053683016,Good
data/videos_160/59.mp4,0.85972184,0.03260489,Bad
data/videos_160/59.mp4,0.017335974,0.07343836,Good
data/videos_160/59.mp4,0.7443764,0.013582008,Bad
data/videos_160/59.mp4,0.03957507,0.03756866,Good
data/videos_160/59.mp4,0.01127467,0.051160816,Good
data/videos_160/59.mp4,0.6135526,0.61425453,Good
data/videos_160/59.mp4,0.6464687,0.052873295,Good
data/videos_160/59.mp4,0.40198785,0.0026049046,Good
data/videos_160/59.mp4,0.019943649,0.04076462,Good
data/videos_160/59.mp4,0.5937007,0.5937007,Good
data/videos_160/59.mp4,0.036901306,0.034907363,Good
data/videos_160/59.mp4,0.06371647,0.05543028,Good
data/videos_160/59.mp4,0.067918256,0.105828024,Good
data/videos_160/59.mp4,0.013158806,0.022433467,Good
data/videos_160/59.mp4,0.033151455,0.046035208,Good
data/videos_160/59.mp4,0.04518701,0.03678438,Good
data/videos_160/59.mp4,0.8291003,0.58541924,Bad
data/videos_160/59.mp4,0.6841811,0.021683695,Bad
data/videos_160/59.mp4,0.06832639,0.6030798,Good
data/videos_160/59.mp4,0.021920223,0.02179366,Good
data/videos_160/59.mp4,0.010575215,0.032200277,Good
data/videos_160/59.mp4,0.024151782,0.049870573,Good
data/videos_160/59.mp4,0.035403494,0.009948497,Good
data/videos_160/59.mp4,0.7427813,0.0504563,Bad
data/videos_160/59.mp4,0.045112804,0.02819742,Good
data/videos_160/59.mp4,0.6960048,0.03984634,Bad
data/videos_160/59.mp4,0.9858923,0.7274022,Bad
data/videos_160/59.mp4,0.6415483,0.040504154,Good
data/videos_160/59.mp4,0.58454794,0.025427755,Good
data/videos_160/59.mp4,0.64834064,0.03022302,Good
data/videos_160/59.mp4,0.073763005,0.0990172,Good
data/videos_160/59.mp4,0.0072840685,0.051102456,Good
data/videos_160/59.mp4,0.01329266,0.031915538,Good
data/videos_160/59.mp4,0.024930947,0.042190395,Good
data/videos_160/59.mp4,0.008269504,0.006368825,Good
data/videos_160/59.mp4,0.5978233,0.07073398,Good
data/videos_160/59.mp4,0.032982126,0.030483868,Good
data/videos_160/59.mp4,0.008482328,0.023644516,Good
data/videos_160/59.mp4,0.01941762,0.04724588,Good
data/videos_160/59.mp4,0.6461382,0.035789188,Good
data/videos_160/59.mp4,0.6373768,0.038346738,Good
data/videos_160/171.mp4,0.0,0.0,Good
data/videos_160/171.mp4,0.71151257,0.043587074,Bad
data/videos_160/171.mp4,0.8042253,0.034268066,Bad
data/videos_160/171.mp4,0.025720702,0.04428719,Good
data/videos_160/363.mp4,0.5854282,0.58530647,Good
data/videos_160/363.mp4,0.64722943,0.7052934,Good
data/videos_160/363.mp4,0.032363035,0.56424725,Good
data/videos_160/363.mp4,0.93249667,0.7463725,Good
data/videos_160/363.mp4,0.86790055,0.11057627,Good
data/videos_160/363.mp4,0.5873678,0.06685553,Good
data/videos_160/363.mp4,0.6920244,0.72846025,Good
data/videos_160/363.mp4,0.034109045,0.010180049,Good
data/videos_160/363.mp4,0.65866697,0.03679605,Good
data/videos_160/363.mp4,0.067841835,0.028199852,Good
data/videos_160/363.mp4,0.40294567,0.54743683,Good
data/videos_160/95.mp4,0.91102856,0.6442812,Good
data/videos_160/95.mp4,0.03518911,0.61175853,Good
data/videos_160/95.mp4,0.5693731,0.039604645,Good
data/videos_160/95.mp4,0.765371,0.7679796,Good
data/videos_160/95.mp4,0.0,0.0,Good
data/videos_160/95.mp4,0.02964595,0.032626815,Good
data/videos_160/95.mp4,0.71695375,0.026985481,Good
data/videos_160/95.mp4,0.06170044,0.60161996,Good
data/videos_160/197.mp4,0.6462769,0.043774683,Bad
data/videos_160/197.mp4,0.009271129,0.049973734,Good
data/videos_160/197.mp4,0.015506039,0.033660833,Good
data/videos_160/197.mp4,0.69414824,0.037141345,Bad
data/videos_160/197.mp4,0.015602135,0.0067845746,Good
data/videos_160/197.mp4,0.02053535,0.02740406,Good
data/videos_160/197.mp4,0.027040401,0.5801234,Good
data/videos_160/197.mp4,0.8431432,0.15632468,Bad
data/videos_160/197.mp4,0.02987934,0.035743,Good
data/videos_160/197.mp4,0.013869298,0.013668726,Good
data/videos_160/197.mp4,0.6952443,0.010559003,Bad
data/videos_160/197.mp4,0.02337447,0.68885267,Bad
data/videos_160/197.mp4,0.64961106,0.08285562,Bad
data/videos_160/197.mp4,0.046820603,0.036433592,Good
data/videos_160/197.mp4,0.5512413,0.5509462,Good
data/videos_160/197.mp4,0.8258362,0.031613223,Bad
data/videos_160/197.mp4,0.010813496,0.012929425,Good
data/videos_160/445.mp4,0.012038358,0.024997177,Good
data/videos_160/445.mp4,0.0,0.0,Good
data/videos_160/445.mp4,0.005461307,0.043871455,Good
data/videos_160/445.mp4,0.023776324,0.7364747,Bad
data/videos_160/445.mp4,0.6113174,0.022594662,Good
data/videos_160/213.mp4,0.01950246,0.032155287,Good
data/videos_160/213.mp4,0.01899081,0.57534564,Bad
data/videos_160/213.mp4,0.02053093,0.024113454,Good
data/videos_160/213.mp4,0.029717658,0.030504672,Good
data/videos_160/213.mp4,0.0077203265,0.019994386,Good
data/videos_160/213.mp4,0.020931175,0.018554613,Good
data/videos_160/213.mp4,0.70137095,0.036378443,Bad
data/videos_160/213.mp4,0.004522367,0.029672345,Good
data/videos_160/213.mp4,0.83409154,0.59005076,Bad
data/videos_160/213.mp4,0.71667844,0.01487578,Bad
data/videos_160/213.mp4,0.6317121,0.061274488,Bad
data/videos_160/213.mp4,0.65188664,0.04920068,Bad
